subreddit,permalink,score,num_comments,title,body_text,image_url
programminghumor,https://old.reddit.com/r/programminghumor/comments/1h81gpm/such_an_oddly_specific_number/,20957,258,Such an oddly specific number!,,https://i.redd.it/yzywotyxd85e1.jpeg
programminghumor,https://old.reddit.com/r/programminghumor/comments/1oamloc/flexing_in_2025/,16427,453,Flexing in 2025,,https://i.redd.it/1xl5gbrht1wf1.jpeg
programminghumor,https://old.reddit.com/r/programminghumor/comments/1n35wvy/sql_injection_geoffrey_edition/,15485,238,SQL Injection: Geoffrey Edition,,https://i.redd.it/8ufqtge9bylf1.jpeg
programminghumor,https://old.reddit.com/r/programminghumor/comments/1n4d7wd/when_programming_defies_logic/,14044,105,When Programming Defies Logic,,https://i.redd.it/9dt9hl1r68mf1.jpeg
programminghumor,https://old.reddit.com/r/programminghumor/comments/1o1ysud/when_your_code_is_too_fast_for_humans_to_trust/,13523,132,When your code is too fast for humans to trust,,https://i.redd.it/bh2wcvdr61uf1.jpeg
programminghumor,https://old.reddit.com/r/programminghumor/comments/1nip1lw/ai_has_officially_made_us_unemployed/,13316,97,AI has officially made us unemployed,,https://i.redd.it/fi7pd9pqhkpf1.jpeg
programminghumor,https://old.reddit.com/r/programminghumor/comments/1jg4z9g/the_unspoken_truth_about_copying_and_pasting/,11549,148,The Unspoken Truth About Copying and Pasting,,https://i.redd.it/bcv7v8170ype1.png
programminghumor,https://old.reddit.com/r/programminghumor/comments/1hr5qt4/youtube_acting_like_traditional_tv_show/,11345,68,YouTube acting like traditional TV show,,https://i.redd.it/54evki60oeae1.jpeg
programminghumor,https://old.reddit.com/r/programminghumor/comments/1n76q5k/bugged_and_betrayed/,10116,54,Bugged and Betrayed,,https://i.redd.it/e35o0dif1wmf1.jpeg
programminghumor,https://old.reddit.com/r/programminghumor/comments/1hey874/ah_yes/,9582,59,Ah yes.,,https://i.redd.it/3jimw5ogx17e1.jpeg
programminghumor,https://old.reddit.com/r/programminghumor/comments/1nb798b/he_named_a_server_after_me/,9531,135,He Named a Server After Me üò≠,,https://i.redd.it/lbnq2tmxmtnf1.jpeg
programminghumor,https://old.reddit.com/r/programminghumor/comments/1my2k20/when_you_ask_a_question_and_get_a_solution_instead/,9456,92,When You Ask a Question and Get a Solution Instead.,,https://i.redd.it/9yr519ww1skf1.jpeg
programminghumor,https://old.reddit.com/r/programminghumor/comments/1j5qjm1/youtube_acting_like_traditional_tv_show/,9103,52,YouTube acting like traditional TV show,,https://i.redd.it/vpsj2f0waane1.jpeg
programminghumor,https://old.reddit.com/r/programminghumor/comments/1pl5u2g/outnerded/,8958,83,Outnerded,,https://i.redd.it/calsq1xwsu6g1.jpeg
programminghumor,https://old.reddit.com/r/programminghumor/comments/1j505nl/yes_definitely/,8566,18,Yes definitely!,,https://i.redd.it/494nj2gho3ne1.jpeg
programminghumor,https://old.reddit.com/r/programminghumor/comments/1h90zll/its_the_only_possible_explanation/,8456,280,It's the only possible explanation,,https://i.redd.it/jw6ardrxgh5e1.jpeg
programminghumor,https://old.reddit.com/r/programminghumor/comments/1htr3a3/programming_joke_i_made/,7984,47,Programming joke I made,,https://i.redd.it/20fxarac62be1.png
programminghumor,https://old.reddit.com/r/programminghumor/comments/1i2jtzm/semantic_code/,7548,130,Semantic code,,https://i.redd.it/05umt0te8bde1.jpeg
programminghumor,https://old.reddit.com/r/programminghumor/comments/1jk2apb/nice_code_oh_wait/,7254,91,"Nice code. Oh, wait",,https://i.redd.it/s4ppls8wayqe1.jpeg
programminghumor,https://old.reddit.com/r/programminghumor/comments/1jx4vqj/why_is_it_not_working/,6869,71,Why is it not working,,https://i.redd.it/a5huwtretaue1.jpeg
programminghumor,https://old.reddit.com/r/programminghumor/comments/1gsun81/wow_a_45_port_network_switch/,6858,32,"Wow, a 45 port network switch.",,https://i.redd.it/xh01qqxkcb1e1.png
programminghumor,https://old.reddit.com/r/programminghumor/comments/1i1sb6k/ai_will_take_your_job/,6480,77,"""AI will take your job""",,https://i.redd.it/02ri45no14de1.jpeg
programminghumor,https://old.reddit.com/r/programminghumor/comments/1jhte92/humor_programming_advance_this_is/,6215,34,Humor programming advance this is,,https://i.redd.it/71ki59000eqe1.jpeg
programminghumor,https://old.reddit.com/r/programminghumor/comments/1nq97wc/he_has_a_lot_to_say/,6150,179,He has a lot to say...,,https://i.redd.it/uplugfx5tbrf1.jpeg
programminghumor,https://old.reddit.com/r/programminghumor/comments/1lzukr0/yep/,6138,65,Yep,,https://i.redd.it/ktb2nt3iwvcf1.jpeg
programminghumor,https://old.reddit.com/r/programminghumor/comments/1p8t4a5/the_magic_key/,6107,26,The magic key üóùÔ∏è,,https://i.redd.it/ecy23djemz3g1.png
programminghumor,https://old.reddit.com/r/programminghumor/comments/1n6ufb3/js_just_suffering/,6061,91,JS: Just Suffering,,https://i.redd.it/fy6xx8vk8tmf1.jpeg
programminghumor,https://old.reddit.com/r/programminghumor/comments/1oynrkb/rule1/,5973,56,rule#1,,https://i.redd.it/2n1cqpv2vm1g1.jpeg
programminghumor,https://old.reddit.com/r/programminghumor/comments/1if0533/debugging_like_a_senior/,5845,46,debugging like a senior,,https://i.redd.it/9yrptdxizgge1.jpeg
programminghumor,https://old.reddit.com/r/programminghumor/comments/1nd5x9c/me_trying_to_understand_how_c_was_written_in_c/,5817,160,Me trying to understand how C was written in C,,https://i.redd.it/nxz9e2otx9of1.jpeg
programminghumor,https://old.reddit.com/r/programminghumor/comments/1nf7kti/keeping_it_real/,5772,69,Keeping it real,,https://i.redd.it/hi4h3n6herof1.jpeg
programminghumor,https://old.reddit.com/r/programminghumor/comments/1jtjbno/trust_me_guys/,5748,124,Trust me guys,,https://i.redd.it/wwo35hleiete1.jpeg
programminghumor,https://old.reddit.com/r/programminghumor/comments/1imv8ib/pic_of_the_day/,5581,169,pic of the day,,https://i.redd.it/ejyuouy3hhie1.png
programminghumor,https://old.reddit.com/r/programminghumor/comments/1npup9u/lock_them_up/,5456,38,Lock them up üôè,,https://i.redd.it/orxhbtetx7rf1.jpeg
programminghumor,https://old.reddit.com/r/programminghumor/comments/1h9xwhu/just_sayin/,5234,390,Just sayin,,https://i.redd.it/1y8zikx13q5e1.jpeg
programminghumor,https://old.reddit.com/r/programminghumor/comments/1j4vk98/what_is_an_index/,5232,103,what is an index,,https://i.redd.it/380rjtdzn2ne1.jpeg
programminghumor,https://old.reddit.com/r/programminghumor/comments/1kvmm2b/linux_users/,5225,49,Linux Users,,
programminghumor,https://old.reddit.com/r/programminghumor/comments/1jqabm7/was_it/,5119,37,Was it?,,https://i.redd.it/mg0wil003kse1.jpeg
programminghumor,https://old.reddit.com/r/programminghumor/comments/1j8n81k/apple_be_like/,5028,70,APPLE be like,,https://i.redd.it/2b580ql4a1oe1.jpeg
programminghumor,https://old.reddit.com/r/programminghumor/comments/1jbrm7x/an_issue_i_encounter_often/,4975,46,An issue I encounter often,,https://i.redd.it/xj04d4fertoe1.jpeg
programminghumor,https://old.reddit.com/r/programminghumor/comments/1hwcv3x/maybeyoudontunderstandit/,4926,58,maybeYouDontUnderstandIt,,https://i.redd.it/5r5h7vmnlpbe1.png
programminghumor,https://old.reddit.com/r/programminghumor/comments/1jkv3y1/why_should_we_hire_software_engineers/,4878,62,Why should we hire software engineers,,https://i.redd.it/bhn44xcsl5re1.jpeg
programminghumor,https://old.reddit.com/r/programminghumor/comments/1g72fgw/sometimes_its_real_sometimes_we_fake_it/,4850,23,Sometimes It's Real Sometimes We Fake It,,https://i.redd.it/uckr7vhhknvd1.jpeg
programminghumor,https://old.reddit.com/r/programminghumor/comments/1m66odw/feel_the_power_of_javascript/,4793,87,Feel the power of JavaScript,,https://i.redd.it/my994re0ddef1.png
programminghumor,https://old.reddit.com/r/programminghumor/comments/1hlzqe3/machine_learning_irl/,4741,76,Machine learning irl,,
programminghumor,https://old.reddit.com/r/programminghumor/comments/1n84pln/jeffreyexe_has_encountered_a_fatal_error/,4720,67,Jeffrey.exe Has Encountered a Fatal Error,,https://i.redd.it/d4tl484714nf1.jpeg
programminghumor,https://old.reddit.com/r/programminghumor/comments/1pdukzx/daveops_engineer/,4658,55,DaveOPS Engineer,,https://i.redd.it/tlum6svjb55g1.jpeg
programminghumor,https://old.reddit.com/r/programminghumor/comments/1b39tuz/spying/,4606,48,Spying,,https://i.redd.it/905ip7dgzklc1.jpeg
programminghumor,https://old.reddit.com/r/programminghumor/comments/1ix2bdw/is_256_oddly_specific_hmmm/,4575,64,Is 256 oddly specific hmmm,,
programminghumor,https://old.reddit.com/r/programminghumor/comments/1o3w3ln/the_code_was_unnecessarily_convoluted/,4527,31,The code was unnecessarily convoluted,,
programminghumor,https://old.reddit.com/r/programminghumor/comments/1nanhcs/commitment_issues_git_push_wedding_date/,4373,18,Commitment Issues: Git Push Wedding Date,,
programminghumor,https://old.reddit.com/r/programminghumor/comments/1p2vo1v/_/,4337,31,üò≠,,
programminghumor,https://old.reddit.com/r/programminghumor/comments/1n29mu6/you_cant_hack_the_pentagon_but_you_can_give_it/,4305,24,You Can't Hack the Pentagon But You Can Give It Rounded Corners,,
programminghumor,https://old.reddit.com/r/programminghumor/comments/1lhjy0f/things_like_these_keep_me_up_at_night/,4205,62,Things like these keep me up at night,,
programminghumor,https://old.reddit.com/r/programminghumor/comments/1hjx3v6/had_to_share/,4188,44,had to share,,
programminghumor,https://old.reddit.com/r/programminghumor/comments/1i43vfo/const_redo_no_cap/,4136,33,const redo_no_cap,,
programminghumor,https://old.reddit.com/r/programminghumor/comments/1ky9phc/i_hate_when_someone_says_your_eyes_only_see_at_60/,4099,221,I hate when someone says your eyes only see at 60 fps,,https://i.redd.it/05rf4hybup3f1.png
programminghumor,https://old.reddit.com/r/programminghumor/comments/1icopic/better_at_cooking_than_programming/,4061,23,"""Better at cooking than programming!""",,https://i.redd.it/hf9sht3p0wfe1.jpeg
programminghumor,https://old.reddit.com/r/programminghumor/comments/1f75ydy/happens_more_often_than_not/,4028,38,happens more often than not,,https://i.redd.it/0s5u04xo7emd1.png
programminghumor,https://old.reddit.com/r/programminghumor/comments/1hqclym/maybe_it_was_just_having_a_bad_day/,4021,23,Maybe it was just having a bad day,,https://i.redd.it/49t4h8m036ae1.jpeg
programminghumor,https://old.reddit.com/r/programminghumor/comments/1hjh1x5/_/,3932,72,üêç,,https://i.redd.it/16bfggen598e1.jpeg
programminghumor,https://old.reddit.com/r/programminghumor/comments/1b62le6/found_this_on_the_web/,3843,61,Found this on the web...,,https://i.redd.it/99kn337k29mc1.jpeg
programminghumor,https://old.reddit.com/r/programminghumor/comments/1j9a25d/seriously/,3805,36,seriously,,https://i.redd.it/3p4mzk2bi6oe1.jpeg
programminghumor,https://old.reddit.com/r/programminghumor/comments/1iz78pg/only_programmers_can_relate/,3708,29,Only programmers can relate...,,https://i.redd.it/xu8sbnbcxlle1.jpeg
programminghumor,https://old.reddit.com/r/programminghumor/comments/u365b3/javascript_meeting_all_the_other_languages/,3644,202,JavaScript meeting all the other languages,,
programminghumor,https://old.reddit.com/r/programminghumor/comments/1izlkhg/our_jobs_are_safe/,3584,48,Our jobs are safe,,https://i.redd.it/6kxtf2shxple1.jpeg
programminghumor,https://old.reddit.com/r/programminghumor/comments/1ohzott/when_you_realize_minecraft_is_turing_complete/,3514,122,When you realize Minecraft is Turing Complete,,https://i.redd.it/meeuhhltzrxf1.png
programminghumor,https://old.reddit.com/r/programminghumor/comments/1nw1pvu/how_do_you_prefer_to_solve_problems/,3502,174,How do you prefer to solve problems?,,https://i.redd.it/wczagvwutosf1.jpeg
programminghumor,https://old.reddit.com/r/programminghumor/comments/1msxpsn/explaining_your_apps_ui_like_youre_at_a_standup/,3457,40,Explaining your app's UI like you're at a stand-up show‚Ä¶ but no one‚Äôs laughing.,,https://i.redd.it/57egqot6cmjf1.jpeg
programminghumor,https://old.reddit.com/r/programminghumor/comments/1o797qf/when_was_your_last_stable_version/,3416,55,When was your last stable version?,,https://i.redd.it/27rihwl1o9vf1.jpeg
programminghumor,https://old.reddit.com/r/programminghumor/comments/1jpkhkl/speed_cameras_sql/,3416,32,Speed Cameras + Sql?,,https://i.redd.it/v74ermxm4ese1.png
programminghumor,https://old.reddit.com/r/programminghumor/comments/1idmiv5/i_found_it_i_repeat_i_found_it/,3389,22,"I found it, I repeat, I found it!",,https://i.redd.it/yjs6jcd0r4ge1.jpeg
programminghumor,https://old.reddit.com/r/programminghumor/comments/1mib4ah/ctrlc_ctrlv_remains_eternal/,3371,87,"Ctrl+C, Ctrl+V remains eternal",,https://i.redd.it/1243nsptq7hf1.jpeg
programminghumor,https://old.reddit.com/r/programminghumor/comments/1hpjb8w/i_would_save_in_monitors/,3363,55,I would save in monitors,,
programminghumor,https://old.reddit.com/r/programminghumor/comments/1galy58/why/,3361,46,WHY????,,https://i.redd.it/t0xvtnllqkwd1.jpeg
programminghumor,https://old.reddit.com/r/programminghumor/comments/1jwjo2e/pic_of_the_day/,3351,123,Pic of the day,,https://i.redd.it/612ubdlzk5ue1.jpeg
programminghumor,https://old.reddit.com/r/programminghumor/comments/1nhwjbe/is_this_accurate/,3283,93,is this accurate?,,https://i.redd.it/3gtxalzkxdpf1.png
programminghumor,https://old.reddit.com/r/programminghumor/comments/1loi22z/new_resume_template_just_dropped/,3274,161,New resume template just dropped,,https://i.redd.it/h3xqxlrsh4af1.jpeg
programminghumor,https://old.reddit.com/r/programminghumor/comments/1opxwx1/how_to_spot_vibe_coders/,3226,96,How to spot Vibe Coders üòÇ,,https://i.redd.it/rhffzjmbumzf1.jpeg
programminghumor,https://old.reddit.com/r/programminghumor/comments/1nyesav/this_happens_for_real_tho/,3221,47,This happens for real tho :),,
programminghumor,https://old.reddit.com/r/programminghumor/comments/1jirdk2/oh_no/,3205,30,Oh no,,https://i.redd.it/shv89xoc9nqe1.jpeg
programminghumor,https://old.reddit.com/r/programminghumor/comments/1j3tdw4/i_wish_my_life_was_a_github/,3178,48,I wish my life was a github,,https://i.redd.it/5rtbo4zsesme1.png
programminghumor,https://old.reddit.com/r/programminghumor/comments/ur37j2/not_all_heroes_wear_capes/,3128,40,Not all heroes wear capes ü¶∏‚Äç‚ôÇÔ∏è ü¶∏ü¶∏‚Äç‚ôÄÔ∏è,,
programminghumor,https://old.reddit.com/r/programminghumor/comments/1n2qk6i/when_you_give_the_simplest_answer_to_a_complex/,3086,161,When You Give the Simplest Answer to a Complex Question,,https://i.redd.it/hwfkgo0q8ulf1.jpeg
programminghumor,https://old.reddit.com/r/programminghumor/comments/1olwp41/_/,3084,8,üò≠,,https://i.redd.it/2iml5wm56pyf1.jpeg
programminghumor,https://old.reddit.com/r/programminghumor/comments/1ntkfav/thats_it_thats_the_joke/,3051,106,"that's it, that's the joke",,https://i.redd.it/dcq21igkc4sf1.png
programminghumor,https://old.reddit.com/r/programminghumor/comments/1p4fz4a/was_that_a_sign/,3045,11,Was that a sign,,https://i.redd.it/jbqtgynzdy2g1.jpeg
programminghumor,https://old.reddit.com/r/programminghumor/comments/1kim2ze/fixed_the_logic/,3051,355,Fixed the logic,,https://i.redd.it/0zmtaquf4sze1.jpeg
programminghumor,https://old.reddit.com/r/programminghumor/comments/1jb4xge/its_just_game/,3039,35,its just game,,https://i.redd.it/o5n56rgrynoe1.jpeg
programminghumor,https://old.reddit.com/r/programminghumor/comments/1nqo1zd/when_you_ask_a_question_and_get_a_solution_instead/,3024,43,When You Ask a Question and Get a Solution Instead.,,https://i.redd.it/yd19zxp9serf1.jpeg
programminghumor,https://old.reddit.com/r/programminghumor/comments/1mxbfzv/why/,2997,52,WHY????,,https://i.redd.it/b4z57evmmlkf1.jpeg
programminghumor,https://old.reddit.com/r/programminghumor/comments/1jr7ng4/real/,2977,9,Real,,https://i.redd.it/k3kxl6nkcsse1.jpeg
programminghumor,https://old.reddit.com/r/programminghumor/comments/1haz3lj/_/,2941,50,ü§£ü§£,,https://i.redd.it/s6q6n0at306e1.png
programminghumor,https://old.reddit.com/r/programminghumor/comments/1g2mlim/meeting/,2933,5,Meeting,,https://i.redd.it/n62ej7682iud1.jpeg
programminghumor,https://old.reddit.com/r/programminghumor/comments/1pngr9v/just_got_paid/,2928,13,Just got paidüí∞,,https://i.redd.it/tb4zce9a7f7g1.jpeg
programminghumor,https://old.reddit.com/r/programminghumor/comments/1n6ygv3/ctrlz_doesnt_work_here/,2925,51,Ctrl+Z Doesn‚Äôt Work Here,,https://i.redd.it/a8da9mx91umf1.jpeg
programminghumor,https://old.reddit.com/r/programminghumor/comments/1hpvqp1/boys_creating_a_folder/,2919,65,Boys creating a folder,,https://i.redd.it/msangypui1ae1.jpeg
programminghumor,https://old.reddit.com/r/programminghumor/comments/1odfqir/vibe_coders_look_at_me/,2907,19,Vibe coders look at me,Just like I did when people wrote assembly by hand in 2020.,https://i.redd.it/kou8q6yydpwf1.jpeg
programminghumor,https://old.reddit.com/r/programminghumor/comments/1jp43b6/what_do_you_do_for_focus/,2885,61,What do you do for focus?,,https://i.redd.it/o5v0hgqcw9se1.jpeg
programminghumor,https://old.reddit.com/r/programminghumor/comments/1mv5pn7/is_256_oddly_specific_hmmm/,2877,99,Is 256 oddly specific hmmm,,https://i.redd.it/upvk2i8yw3kf1.jpeg
